-- phpMyAdmin SQL Dump
-- version 5.2.0
-- https://www.phpmyadmin.net/
--
-- 主機： 127.0.0.1
-- 產生時間： 2022-07-15 08:40:34
-- 伺服器版本： 10.4.24-MariaDB
-- PHP 版本： 7.4.29

SET SQL_MODE = "NO_AUTO_VALUE_ON_ZERO";
START TRANSACTION;
SET time_zone = "+00:00";


/*!40101 SET @OLD_CHARACTER_SET_CLIENT=@@CHARACTER_SET_CLIENT */;
/*!40101 SET @OLD_CHARACTER_SET_RESULTS=@@CHARACTER_SET_RESULTS */;
/*!40101 SET @OLD_COLLATION_CONNECTION=@@COLLATION_CONNECTION */;
/*!40101 SET NAMES utf8mb4 */;

--
-- 資料庫： `clinic`
--

-- --------------------------------------------------------

--
-- 資料表結構 `department`
--

CREATE TABLE `department` (
  `department_id` char(3) NOT NULL,
  `department_name` varchar(10) NOT NULL
) ENGINE=InnoDB DEFAULT CHARSET=utf8;

--
-- 傾印資料表的資料 `department`
--

INSERT INTO `department` (`department_id`, `department_name`) VALUES
('D01', '家醫科'),
('D02', '小兒科'),
('D03', '耳鼻喉科');

-- --------------------------------------------------------

--
-- 資料表結構 `patient`
--

CREATE TABLE `patient` (
  `ssid` char(10) NOT NULL,
  `name` varchar(10) NOT NULL,
  `height` float NOT NULL,
  `weight` float NOT NULL,
  `gender` char(1) NOT NULL,
  `birthday` date NOT NULL,
  `phone` char(10) NOT NULL
) ENGINE=InnoDB DEFAULT CHARSET=utf8;

--
-- 傾印資料表的資料 `patient`
--

INSERT INTO `patient` (`ssid`, `name`, `height`, `weight`, `gender`, `birthday`, `phone`) VALUES
('A120493516', '林茂全', 184, 78.5, 'M', '1967-01-13', '0910150998'),
('A220512039', '王芳元', 157, 54, 'F', '1987-02-24', '0910150993'),
('A220514237', '李麗瑕', 169.5, 66, 'F', '1969-03-24', '0912341007'),
('A220517534', '尹巧云', 182, 97, 'F', '1970-12-24', '0910151002'),
('A220519732', '李美錦', 168.5, 50.5, 'F', '1988-04-05', '0915357031'),
('A220521930', '陳嫻良', 159, 46, 'F', '2010-04-14', '0912341013'),
('A220524128', '林凰太', 168, 46.5, 'F', '1978-05-20', '0915357043'),
('B220513138', '簡麗艷', 153, 76, 'F', '1967-03-17', '0912341005'),
('B220516435', '莊淑寬', 161, 59, 'F', '1979-05-05', '0912341019'),
('C120607520', '謝榮週', 168.5, 96, 'M', '1988-02-19', '0915357013'),
('C220518633', '邱美智', 164, 89, 'F', '1989-03-21', '0915357025'),
('D120586792', '林政雄', 163, 62, 'M', '1965-04-07', '0912341011'),
('D120638612', '林明賢', 171, 94, 'M', '1977-05-05', '0915357001'),
('E120483152', '黃定國', 169, 47, 'M', '1982-01-06', '0910150999'),
('E120512001', '蘇義光', 161.5, 90, 'M', '1970-12-30', '0910151000'),
('E120524608', '蘇泰元', 169, 41, 'M', '1957-02-03', '0910150996'),
('E120555700', '郭孟鄉', 164, 67, 'M', '1968-03-03', '0912341001'),
('E120566064', '李翔駿', 161, 99, 'M', '1979-03-10', '0912341003'),
('E120576428', '莊寅竣', 150, 45, 'M', '2080-03-31', '0912341009'),
('E120628248', '林進松', 150, 60, 'M', '1998-04-20', '0915357037'),
('H120503880', '陳保川', 159.5, 61, 'M', '1997-01-20', '0910150997'),
('K120617884', '李英郎', 161, 98, 'M', '1998-03-06', '0915357019'),
('K220515336', '郭月來', 157.5, 52, 'F', '1997-04-28', '0912341017'),
('K220523029', '鄭碧姍', 163.5, 50, 'F', '1968-05-21', '0912341015'),
('Q120597156', '童益興', 145.5, 40.5, 'M', '2015-02-04', '0915357007'),
('W120534972', '王克雄', 150, 37, 'M', '1978-02-10', '0910150995'),
('X120545336', '黃中木', 166, 90, 'M', '1957-02-17', '0910150994'),
('X220520831', '賴月英', 178, 65, 'F', '1978-06-04', '0915357049'),
('Y120514244', '李松界', 178, 45, 'M', '1966-01-28', '0910151001'),
('Y220525227', '萬家安', 166, 61.5, 'F', '1982-06-19', '0915357055');

-- --------------------------------------------------------

--
-- 資料表結構 `registration`
--

CREATE TABLE `registration` (
  `id` int(11) NOT NULL,
  `patient_ssid` char(10) NOT NULL,
  `clinic_date` date NOT NULL,
  `clinic_hours` char(2) NOT NULL,
  `dept_id` char(3) NOT NULL,
  `registration_time` datetime NOT NULL DEFAULT current_timestamp(),
  `status` char(1) NOT NULL DEFAULT '0'
) ENGINE=InnoDB DEFAULT CHARSET=utf8;

--
-- 傾印資料表的資料 `registration`
--

INSERT INTO `registration` (`id`, `patient_ssid`, `clinic_date`, `clinic_hours`, `dept_id`, `registration_time`, `status`) VALUES
(1, 'A220521930', '2021-04-01', '下午', 'D02', '2021-04-01 10:20:05', '1'),
(2, 'E120576428', '2021-04-01', '下午', 'D02', '2021-04-01 10:21:05', '1'),
(3, 'Q120597156', '2021-04-01', '晚上', 'D02', '2021-04-01 10:22:05', '1'),
(4, 'A120493516', '2021-04-01', '下午', 'D01', '2021-04-01 10:23:05', '1'),
(5, 'A220512039', '2021-04-01', '下午', 'D01', '2021-04-01 10:24:05', '1'),
(6, 'A220514237', '2021-04-01', '晚上', 'D01', '2021-04-01 10:25:05', '1'),
(7, 'A220517534', '2021-04-01', '下午', 'D01', '2021-04-01 10:26:05', '1'),
(8, 'A220519732', '2021-04-01', '晚上', 'D01', '2021-04-01 10:27:05', '1'),
(9, 'A220521930', '2021-04-08', '上午', 'D02', '2021-04-08 11:12:45', '1'),
(10, 'E120576428', '2021-04-08', '下午', 'D02', '2021-04-08 11:13:45', '1'),
(11, 'Q120597156', '2021-04-08', '晚上', 'D02', '2021-04-08 11:14:45', '1'),
(12, 'A220524128', '2021-04-08', '上午', 'D03', '2021-04-08 11:15:45', '1'),
(13, 'B220513138', '2021-04-08', '下午', 'D03', '2021-04-08 11:16:45', '1'),
(14, 'B220516435', '2021-04-08', '晚上', 'D03', '2021-04-08 11:17:45', '1'),
(15, 'C120607520', '2021-04-08', '上午', 'D03', '2021-04-08 11:18:45', '1'),
(16, 'C220518633', '2021-04-08', '下午', 'D03', '2021-04-08 11:19:45', '1'),
(17, 'D120586792', '2021-04-08', '晚上', 'D03', '2021-04-08 11:20:45', '1'),
(18, 'D120638612', '2021-04-08', '上午', 'D01', '2021-04-08 11:21:45', '1'),
(19, 'E120483152', '2021-04-08', '下午', 'D01', '2021-04-08 11:22:45', '1'),
(20, 'E120512001', '2021-04-08', '晚上', 'D01', '2021-04-08 11:23:45', '1'),
(21, 'E120524608', '2021-04-08', '上午', 'D01', '2021-04-08 11:24:45', '1'),
(22, 'E120555700', '2021-04-08', '下午', 'D01', '2021-04-08 11:25:45', '1'),
(23, 'E120566064', '2021-04-08', '晚上', 'D01', '2021-04-08 11:26:45', '1'),
(24, 'A220521930', '2021-04-10', '下午', 'D02', '2021-04-10 10:11:56', '1'),
(25, 'E120576428', '2021-04-10', '上午', 'D02', '2021-04-10 10:13:05', '1'),
(26, 'Q120597156', '2021-04-10', '晚上', 'D02', '2021-04-10 10:15:13', '1'),
(27, 'A120493516', '2021-04-15', '下午', 'D01', '2021-04-15 10:25:30', '1'),
(28, 'A220512039', '2021-04-15', '下午', 'D01', '2021-04-15 10:26:30', '1'),
(29, 'A220514237', '2021-04-15', '晚上', 'D01', '2021-04-15 10:27:30', '1'),
(30, 'A220517534', '2021-04-15', '下午', 'D01', '2021-04-15 10:28:30', '1'),
(31, 'A220519732', '2021-04-15', '晚上', 'D01', '2021-04-15 10:29:30', '1'),
(32, 'A220524128', '2021-04-15', '下午', 'D03', '2021-04-15 10:30:30', '1'),
(33, 'B220513138', '2021-04-15', '晚上', 'D01', '2021-04-15 10:31:30', '1'),
(34, 'B220516435', '2021-04-15', '下午', 'D01', '2021-04-15 10:32:30', '1'),
(35, 'C120607520', '2021-04-15', '晚上', 'D03', '2021-04-15 10:33:30', '1'),
(36, 'C220518633', '2021-04-15', '下午', 'D01', '2021-04-15 10:35:30', '1'),
(37, 'D120586792', '2021-04-15', '晚上', 'D01', '2021-04-15 10:36:30', '1'),
(38, 'D120638612', '2021-04-15', '下午', 'D03', '2021-04-15 10:37:30', '1'),
(39, 'E120483152', '2021-04-15', '晚上', 'D01', '2021-04-15 10:38:30', '1'),
(40, 'E120512001', '2021-04-15', '下午', 'D01', '2021-04-15 10:39:30', '1'),
(41, 'E120524608', '2021-04-15', '晚上', 'D03', '2021-04-15 10:40:30', '1'),
(42, 'E120555700', '2021-04-15', '下午', 'D01', '2021-04-15 10:41:30', '1'),
(43, 'E120566064', '2021-04-15', '晚上', 'D01', '2021-04-15 10:42:30', '1'),
(44, 'A220521930', '2021-04-20', '下午', 'D02', '2021-04-20 09:00:15', '1'),
(45, 'E120576428', '2021-04-20', '上午', 'D02', '2021-04-20 09:10:25', '1'),
(46, 'Q120597156', '2021-04-20', '晚上', 'D02', '2021-04-20 09:20:35', '1'),
(47, 'A220512039', '2021-04-26', '下午', 'D01', '2021-04-26 10:15:25', '1'),
(48, 'A220514237', '2021-04-26', '晚上', 'D01', '2021-04-26 10:25:35', '1'),
(49, 'A220517534', '2021-04-26', '下午', 'D01', '2021-04-26 10:35:45', '1'),
(50, 'A220519732', '2021-04-26', '晚上', 'D01', '2021-04-26 10:45:55', '1');

--
-- 已傾印資料表的索引
--

--
-- 資料表索引 `department`
--
ALTER TABLE `department`
  ADD PRIMARY KEY (`department_id`);

--
-- 資料表索引 `patient`
--
ALTER TABLE `patient`
  ADD PRIMARY KEY (`ssid`);

--
-- 資料表索引 `registration`
--
ALTER TABLE `registration`
  ADD PRIMARY KEY (`id`);

--
-- 在傾印的資料表使用自動遞增(AUTO_INCREMENT)
--

--
-- 使用資料表自動遞增(AUTO_INCREMENT) `registration`
--
ALTER TABLE `registration`
  MODIFY `id` int(11) NOT NULL AUTO_INCREMENT, AUTO_INCREMENT=51;
COMMIT;

/*!40101 SET CHARACTER_SET_CLIENT=@OLD_CHARACTER_SET_CLIENT */;
/*!40101 SET CHARACTER_SET_RESULTS=@OLD_CHARACTER_SET_RESULTS */;
/*!40101 SET COLLATION_CONNECTION=@OLD_COLLATION_CONNECTION */;
